{"parts":[{"size":[1,0.2,1.3],"color":[0.3,0.2,0.0],"position":[0,1.9,2.1510571102112406e-16],"rotation":[1.110223024625157e-16,0,0]},{"size":[1,0.2,1.3],"color":[0.3,0.2,0.0],"position":[0,-0.1999999999999999,-2.2204460492503126e-17],"rotation":[-3.141592653589793,0,0]},{"size":[1,2.199999999999999,0.2],"color":[0.3,0.2,0.0],"position":[0,0.8999999999999994,0.7499999999999993],"rotation":[0,0,0]},{"size":[1,2.199999999999999,0.2],"color":[0.3,0.2,0.0],"position":[0,0.8999999999999994,-0.750000000000001],"rotation":[0,0,0]}],"lights":[],"systems":[]}