{"parts":[{"size":[0.1,1.6125000000000007,1.25],"color":[0.8274509803921568,0.8196078431372549,0.6470588235294118],"position":[0,0.8062500000000004,0.6250000000000003],"rotation":[0,0,0]},{"size":[0.2000000000000003,0.10000000000000006,0.06250000000000004],"color":[1,1,1],"position":[0,0.7,1.1374999999999995],"rotation":[0,0,0]}],"lights":[],"systems":[]}